id,text,category
1,"Machine learning algorithms enable computers to learn from data without explicit programming and make predictions.",tech
2,"Deep learning neural networks have revolutionized computer vision and natural language processing tasks.",tech
3,"Python is the most popular programming language for data science artificial intelligence and automation.",tech
4,"Cloud computing platforms like AWS and Azure provide scalable and flexible infrastructure for applications.",tech
5,"Cybersecurity threats are growing rapidly as organizations increasingly depend on digital infrastructure.",tech
6,"Blockchain technology enables decentralized and transparent record-keeping across distributed networks.",tech
7,"The Internet of Things connects billions of smart devices enabling automation in homes and factories.",tech
8,"Quantum computing promises to solve computationally intractable problems in cryptography and chemistry.",tech
9,"Agile software development methodologies help teams deliver software incrementally with continuous feedback.",tech
10,"Open source software communities have transformed collaborative development and knowledge sharing globally.",tech
11,"The football team won the national championship after a thrilling overtime match at the home stadium.",sports
12,"Basketball players train rigorously every day to improve their shooting accuracy and defensive positioning.",sports
13,"The tennis tournament attracted world class players competing for the prestigious grand slam title.",sports
14,"Soccer is the most popular sport in the world with billions of passionate fans across every continent.",sports
15,"Olympic athletes dedicate their entire lives to training and competing for gold medals every four years.",sports
16,"Cricket is deeply beloved in South Asia with passionate millions of fans supporting their national teams.",sports
17,"The marathon runner pushed through exhaustion to cross the finish line after twenty six grueling miles.",sports
18,"Swimming coaches emphasize perfect technique and endurance training to help athletes set world records.",sports
19,"Baseball analytics have evolved with advanced sabermetrics changing how teams scout and value players.",sports
20,"Rugby requires players to demonstrate strength speed agility and exceptional tactical team coordination.",sports
21,"Regular aerobic exercise and a balanced nutritious diet are the foundations of long term physical health.",health
22,"Mental health awareness campaigns are slowly reducing the social stigma around seeking therapy and support.",health
23,"Vaccines have been instrumental in eradicating deadly diseases like smallpox and dramatically reducing polio.",health
24,"Healthcare systems worldwide face mounting pressure from aging populations and rising treatment costs.",health
25,"Yoga and meditation practices have been scientifically shown to reduce cortisol and improve mental wellbeing.",health
26,"Alzheimer's research is advancing with promising new drug trials targeting amyloid protein accumulation.",health
27,"Nutrition science reveals that gut microbiome diversity has a profound impact on immunity and brain health.",health
28,"Physicians recommend regular cancer screenings because early detection dramatically improves survival rates.",health
29,"Chronic sleep deprivation severely impairs cognitive function memory consolidation and immune defense.",health
30,"Telemedicine platforms allow patients to consult licensed physicians remotely improving healthcare access.",health
31,"Stock market volatility spiked dramatically following the central bank surprise interest rate announcement.",finance
32,"Cryptocurrency markets are highly speculative with Bitcoin Ethereum and altcoins experiencing wild swings.",finance
33,"Financial advisors universally recommend building an emergency fund covering at least six months of expenses.",finance
34,"Persistent inflation erodes purchasing power making it essential for savers to invest rather than hold cash.",finance
35,"Venture capital firms pour millions into promising early stage startups with high scalability and growth potential.",finance
36,"Real estate remains a favored long term investment due to tangibility rental income and capital appreciation.",finance
37,"Exchange traded funds provide broad market diversification at significantly lower costs than managed funds.",finance
38,"Compound interest is considered the most powerful wealth building mechanism available to patient investors.",finance
39,"Banks are rapidly deploying machine learning models to detect fraudulent transactions in real time at scale.",finance
40,"Economic recessions are typically marked by contracting GDP rising unemployment and reduced consumer spending.",finance
41,"NASA scientists found compelling evidence of ancient liquid water activity on the surface of Mars.",science
42,"Climate change is accelerating sea level rise threatening millions living in low lying coastal communities.",science
43,"CRISPR Cas9 gene editing allows researchers to precisely cut and modify DNA sequences in living organisms.",science
44,"Astronomers detected a potentially habitable exoplanet orbiting within the liquid water zone of a distant star.",science
45,"Solar and wind power capacity is growing exponentially as the world shifts away from carbon intensive fuels.",science
46,"Particle physicists at CERN continue probing the fundamental forces and particles that make up our universe.",science
47,"Ocean acidification caused by rising carbon dioxide absorption is devastating coral reef ecosystems worldwide.",science
48,"Neuroscientists are creating detailed maps of brain connectivity to better understand memory and consciousness.",science
49,"Stem cell therapies offer genuine hope for regenerating damaged cardiac liver and neurological tissue.",science
50,"The James Webb Space Telescope is capturing unprecedented infrared images of the earliest galaxies ever seen.",science
